{
  "replace":false,
  "values": [
		{
			"comment":"active",
			"required":false,
			"id":"dragonsurvival:sculk_eyes"
		},
		{
			"comment":"active, increases with level",
			"required":false,
			"id":"dragonsurvival:inspiration"
		},
		{
			"comment":"active, increases with level",
			"required":false,
			"id":"dragonsurvival:sculk_breath"
		},
		{
			"comment":"active, increases with level",
			"required":false,
			"id":"dragonsurvival:sculk_feed"
		},


		{
			"comment":"increases time before blindness from bright light",
			"required":false,
			"id":"dragonsurvival:sculk_eyelid"
		},
		{
			"comment":"passive, manually leveled",
			"required":false,
			"id":"dragonsurvival:sculk_magic"
		},
		{
			"comment":"passive, manually leveled",
			"required":false,
			"id":"dragonsurvival:sculk_infect"
		},
		{
			"comment":"passive, manually leveled",
			"required":false,
			"id":"dragonsurvival:sculk_athletics"
		},
		{
			"comment":"passive, can be manually disabled",
			"required":false,
			"id":"dragonsurvival:sculk_silk"
		},


		{
			"comment":"",
			"required":false,
			"id":"dragonsurvival:sculk_wings"
		},
		{
			"comment":"",
			"required":false,
			"id":"dragonsurvival:sculk_immunity"
		},
		{
			"comment":"",
			"required":false,
			"id":"dragonsurvival:sculk_spin"
		},
		{
			"comment":"",
			"required":false,
			"id":"dragonsurvival:sculk_claws_and_teeth"
    }
  ]
}