{
  "condition": {
    "condition": "minecraft:any_of",
    "terms": [
      {
        "condition": "minecraft:entity_properties",
        "entity": "this",
        "predicate": {
          "location": {
            "light": {
              "light": {
                "min": 12
              }
            }
          }
        }
      }
    ]
  },
  "effect": {
    "penalty_type": "dragonsurvival:mob_effect",
    "potion": {
      "amplifier": 0,
      "duration": 200,
      "effect_particles": true,
      "effects": "minecraft:blindness"
    }
  },
  "icon": "dragonsurvival:penalties/forest/fear_of_darkness",
  "trigger": {
    "penalty_trigger": "dragonsurvival:supply",
    "reduction_rate": 1,
    "regeneration_rate": 0.013,
    "supply_type": "dragonsurvival:stress_supply",
    "trigger_rate": 40
  }
}