{
  "values": {
    "dragonsurvival:sculk_dragon": {
      "neoforge:conditions": [
        {
          "type": "dragonsurvival:registered",
          "registry": "dragonsurvival:dragon_species",
          "value": "dragonsurvival:sculk_dragon"
        }
      ],
      "neoforge:value": [
        {
          "items": "minecraft:nether_star",
          "properties": {
            "eat_seconds": 5.0,
            "nutrition": 20,
            "saturation": 20.0
          }
        },
        {
          "items": "minecraft:nether_wart",
          "properties": {
            "eat_seconds": 0.5,
            "nutrition": 1,
            "saturation": 1.0
          }
        },
        {
          "items": "minecraft:sculk",
          "properties": {
            "eat_seconds": 1.0,
            "nutrition": 5,
            "saturation": 5.0
          }
        },
        {
          "items": "minecraft:sculk_catalyst",
          "properties": {
            "eat_seconds": 5.0,
            "nutrition": 20,
            "saturation": 20.0
          }
        },
        {
          "items": "minecraft:sculk_sensor",
          "properties": {
            "eat_seconds": 1.0,
            "nutrition": 10,
            "saturation": 10.0
          }
        },
        {
          "items": "minecraft:sculk_shrieker",
          "properties": {
            "eat_seconds": 1.0,
            "nutrition": 10,
            "saturation": 10.0
          }
        },
        {
          "items": "minecraft:sculk_vein",
          "properties": {
            "eat_seconds": 0.5,
            "nutrition": 1,
            "saturation": 1.0
          }
        },
        {
          "items": "minecraft:soul_sand",
          "properties": {
            "eat_seconds": 1.0,
            "nutrition": 1,
            "saturation": 1.0
          }
        },
        {
          "items": "minecraft:soul_soil",
          "properties": {
            "eat_seconds": 1.0,
            "nutrition": 1,
            "saturation": 1.0
          }
        },
        {
          "items": "minecraft:wither_rose",
          "properties": {
            "eat_seconds": 0.5,
            "nutrition": 1,
            "saturation": 1.0
          }
        },
        {
          "items": "knightlib:small_essence",
          "properties": {
            "eat_seconds": 1.0,
            "nutrition": 1,
            "saturation": 1.0
          }
        },
        {
          "items": "knightlib:great_essence",
          "properties": {
            "eat_seconds": 1.0,
            "nutrition": 4,
            "saturation": 4.0
          }
        },
        {
          "items": "biomeswevegone:soul_fruit",
          "properties": {
            "eat_seconds": 2.0,
            "nutrition": 4,
            "saturation": 4.0
          }
        },
        {
          "items": "#alcocraftplus:beer_mugs",
          "comment":"this exists to allow sculk dragons to consume alcocraftplus beer",
          "properties": {
            "eat_seconds": 2.0,
            "nutrition": 0,
            "saturation": 0.0
          }
        }
      ]
    }
  }
}