{
  "values": {
    "dragonsurvival:sculk_dragon": {
      "neoforge:conditions": [
        {
          "type": "dragonsurvival:registered",
          "registry": "dragonsurvival:dragon_species",
          "value": "dragonsurvival:sculk_dragon"
        }
      ],
      "effects": [
        {
          "duration": 400,
          "effect": "dragonsurvival:forest_magic"
        },
        {
          "duration": 400,
          "effect": "dragonsurvival:sturdy_skin"
        }
      ],
      "payment_data": {
        "duration_multiplier": 30,
        "experience_cost": 60
      }
    }
  }
}