{
  "actions": [
    {
      "target_selection": {
        "applied_effects": {
          "entity_effect": [
            {
              "effect_type": "dragonsurvival:particle",
              "particle_data": {
                "particle": {
                  "type": "minecraft:sculk_charge_pop"
                },
                "horizontal_position": {
                  "type": "entity_position",
                  "offset": 0,
                  "scale": 1
                },
                "vertical_position": {
                  "type": "entity_position",
                  "offset": 0,
                  "scale": 1
                },
                "horizontal_velocity": {
                  "base": 1,
                  "movement_scale": 0.1
                },
                "vertical_velocity": {
                  "base": 1,
                  "movement_scale": 0.1
                },
                "speed": 0.1
              },
              "particle_count": 10
            },
            {
              "effect_type": "dragonsurvival:run_function",
              "function": "ds_sculk_dragon:sculk_amnesia/as_player"
            }
          ],
          "targeting_mode": "all"
        },
        "target_type": "dragonsurvival:self"
      },
      "trigger_rate": 20
    }
  ],
  "activation": {
    "activation_type": "dragonsurvival:simple",
    "animations": {
      "end": {
        "animation_key": "magic_alt",
        "layer": "BASE",
        "locks_neck": false,
        "locks_tail": false,
        "transition_length": 4
      }
    },
    "can_move_while_casting": true,
    "cast_time": 20,
    "cooldown": 600,
    "initial_mana_cost": 10,
    "sound": {
      "end": "minecraft:ui.toast.in"
    }
  },
  "can_be_manually_disabled": false,
  "icon": {
    "texture_entries": [
      {
        "from_level": 0,
        "texture_resource": "dragonsurvival:abilities/unclaimed/fear_of_dark_0"
      },
      {
        "from_level": 1,
        "texture_resource": "dragonsurvival:abilities/unclaimed/fear_of_dark_1"
      }
    ]
  }
}