{
  "actions": [
    {
      "target_selection": {
        "applied_effects": {
          "entity_effect": [
            {
              "effect_type": "dragonsurvival:harvest_bonus",
              "harvest_bonuses": [
                {
                  "base": {
                    "custom_icon": "dragonsurvival:textures/ability_effect/sculk_claw.png",
                    "id": "dragonsurvival:sculk_claws_and_teeth",
                    "should_remove_automatically": true
                  },
                  "base_speed": {
                    "tiers": [
                      {
                        "from_level": 1,
                        "tier": "WOOD"
                      },
                      {
                        "from_level": 2,
                        "tier": "STONE"
                      },
                      {
                        "tier": "IRON",
                        "from_level": 3
                      },
                      {
                        "tier": "DIAMOND",
                        "from_level": 4
                      }
                    ]
                  },
                  "blocks": "#minecraft:mineable/hoe",
                  "break_speed_multiplier": {
                    "type": "minecraft:linear",
                    "base": 0.25,
                    "per_level_above_first": 0.25
                  },
                  "harvest_bonus": {
                    "type": "minecraft:linear",
                    "base": 1,
                    "per_level_above_first": 0.5
                  }
                }
              ]
            }
          ],
          "targeting_mode": "allies_and_self"
        },
        "target_type": "dragonsurvival:self"
      },
      "trigger_rate": 1
    }
  ],
  "activation": {
    "activation_type": "dragonsurvival:passive"
  },
  "icon": {
    "texture_entries": [
      {
        "from_level": 0,
        "texture_resource": "dragonsurvival:abilities/forest/forest_claws_and_teeth_0"
      },
      {
        "from_level": 1,
        "texture_resource": "dragonsurvival:abilities/forest/forest_claws_and_teeth_1"
      },
      {
        "from_level": 2,
        "texture_resource": "dragonsurvival:abilities/forest/forest_claws_and_teeth_2"
      },
      {
        "from_level": 3,
        "texture_resource": "dragonsurvival:abilities/forest/forest_claws_and_teeth_5"
      },
      {
        "from_level": 4,
        "texture_resource": "dragonsurvival:abilities/forest/forest_claws_and_teeth_6"
      }
    ]
  },
  "upgrade": {
    "growth_requirement": {
      "type": "minecraft:lookup",
      "fallback": {
        "type": "minecraft:linear",
        "base": 15,
        "per_level_above_first": 15
      },
      "values": [
        0,
        25,
        40,
        60
      ]
    },
    "maximum_level": 4,
    "upgrade_type": "dragonsurvival:dragon_growth"
  }
}