{
  "actions": [
    {
      "target_selection": {
        "applied_effects": {
          "entity_effect": [
            {
              "amount": {
                "type": "minecraft:linear",
                "base": 2,
                "per_level_above_first": 2
              },
              "damage_type": "dragonsurvival:sculk",
              "effect_type": "dragonsurvival:damage"
            },
            {
              "effect_type": "dragonsurvival:potion",
              "potion": {
                "amplifier": {
                  "type": "minecraft:linear",
                  "base": 0,
                  "per_level_above_first": 1
                },
                "duration": {
                  "type": "minecraft:linear",
                  "base": 0,
                  "per_level_above_first": 20
                },
                "effects": "minecraft:wither",
                "probability": {
                  "type": "minecraft:linear",
                  "base": 0,
                  "per_level_above_first": 0.125
                },
                "effect_particles": true,
                "show_icon": true
              }
            }
          ],
          "target_conditions": {
            "condition": "minecraft:entity_properties",
            "entity": "this",
            "predicate": {
              "type_specific": {
                "type": "dragonsurvival:entity_check_predicate",
                "check_for": "living_entity"
              }
            }
          },
          "targeting_mode": "non_allies"
        },
        "range_multiplier": 1,
        "target_type": "dragonsurvival:dragon_breath"
      },
      "trigger_rate": 10
    },
    {
      "target_selection": {
        "applied_effects": {
          "entity_effect": [
            {
              "effect_type": "dragonsurvival:breath_particles",
              "main_particle": {
                "type": "dragonsurvival:poison",
                "duration": 37,
                "swirls": true
              },
              "secondary_particle": {
                "type": "dragonsurvival:large_poison",
                "duration": 37,
                "swirls": false
              },
              "speed_per_growth": 0.02,
              "spread": 0.04
            }
          ],
          "targeting_mode": "all"
        },
        "target_type": "dragonsurvival:self"
      },
      "trigger_rate": 1
    }
  ],
  "activation": {
    "activation_type": "dragonsurvival:channeled",
    "animations": {
      "looping": {
        "animation_key": "breath",
        "layer": "BREATH",
        "locks_neck": false,
        "locks_tail": false,
        "transition_length": 5
      },
      "start_and_charging": {
        "animation_key": "spell_charge",
        "layer": "BREATH",
        "locks_neck": false,
        "locks_tail": false,
        "transition_length": 5
      }
    },
    "cast_time": 20,
    "continuous_mana_cost": {
      "type": "ticking",
      "amount": 0.025
    },
    "cooldown": 40,
    "sound": {
      "end": "dragonsurvival:forest_breath_end",
      "looping": "dragonsurvival:forest_breath_loop",
      "start": "dragonsurvival:forest_breath_start"
    }
  },
  "can_be_manually_disabled": false,
  "icon": {
    "texture_entries": [
      {
        "from_level": 0,
        "texture_resource": "dragonsurvival:abilities/forest/poisonous_breath_0"
      },
      {
        "from_level": 1,
        "texture_resource": "dragonsurvival:abilities/forest/poisonous_breath_1"
      },
      {
        "from_level": 2,
        "texture_resource": "dragonsurvival:abilities/forest/poisonous_breath_2"
      },
      {
        "from_level": 3,
        "texture_resource": "dragonsurvival:abilities/forest/poisonous_breath_3"
      },
      {
        "from_level": 4,
        "texture_resource": "dragonsurvival:abilities/forest/poisonous_breath_4"
      }
    ]
  },
  "upgrade": {
    "level_requirement": {
      "type": "minecraft:lookup",
      "fallback": {
        "type": "minecraft:linear",
        "base": 15,
        "per_level_above_first": 15
      },
      "values": [
        0,
        10,
        30,
        50
      ]
    },
    "maximum_level": 4,
    "upgrade_type": "dragonsurvival:experience_levels"
  }
}