{
  "actions": [
    {
      "target_selection": {
        "applied_effects": {
          "entity_effect": [
            {
              "effect_type": "dragonsurvival:flight",
              "icon": "dragonsurvival:textures/ability_effect/forest_dragon_wings.png",
              "level_requirement": 1
            }
          ],
          "targeting_mode": "allies_and_self"
        },
        "target_type": "dragonsurvival:self"
      },
      "trigger_rate": 1.0
    }
  ],
  "activation": {
    "activation_type": "dragonsurvival:passive"
  },
  "icon": {
    "texture_entries": [
      {
        "from_level": 0,
        "texture_resource": "dragonsurvival:abilities/forest/forest_wings_0"
      },
      {
        "from_level": 1,
        "texture_resource": "dragonsurvival:abilities/forest/forest_wings_1"
      }
    ]
  },
  "upgrade": {
    "conditions": [
      {
        "condition": "minecraft:any_of",
        "terms": [
          {
            "condition": "minecraft:entity_properties",
            "entity": "this",
            "predicate": {
              "type_specific": {
                "type": "dragonsurvival:dragon_predicate",
                "flight_was_granted": true
              }
            }
          },
          {
            "condition": "minecraft:entity_scores",
            "entity": "this",
            "scores": {
              "ds_sculk_dragon_wing_autounlock": 1
            }
          }
        ]
      }
    ],
    "require_previous": false,
    "upgrade_type": "dragonsurvival:condition_based"
  },
  "usage_blocked": {
    "condition": "minecraft:entity_properties",
    "entity": "this",
    "predicate": {
      "type_specific": {
        "type": "dragonsurvival:dragon_predicate",
        "marked_by_ender_dragon": true
      }
    }
  }
}