{
  "actions": [
    {
      "target_selection": {
        "applied_effects": {
          "entity_effect": [
            {
              "effect_type": "dragonsurvival:potion",
              "potion": {
                "amplifier": {
                  "type": "minecraft:linear",
                  "base": 0,
                  "per_level_above_first": 1
                },
                "duration": {
                  "type": "minecraft:linear",
                  "base": 20,
                  "per_level_above_first": 20
                },
                "effects": "minecraft:speed"
              }
            }
          ],
          "target_conditions": {
            "condition": "minecraft:any_of",
            "terms": [
              {
                "condition": "minecraft:entity_properties",
                "entity": "this",
                "predicate": {
                  "location": {
                    "block": {
                      "blocks": "#dragonsurvival:speeds_up_sculk_dragon"
                    }
                  }
                }
              },
              {
                "condition": "minecraft:entity_properties",
                "entity": "this",
                "predicate": {
                  "stepping_on": {
                    "block": {
                      "blocks": "#dragonsurvival:speeds_up_sculk_dragon"
                    }
                  }
                }
              }
            ]
          },
          "targeting_mode": "allies_and_self"
        },
        "target_type": "dragonsurvival:self"
      },
      "trigger_rate": 20
    }
  ],
  "activation": {
    "activation_type": "dragonsurvival:passive"
  },
  "icon": {
    "texture_entries": [
      {
        "from_level": 0,
        "texture_resource": "dragonsurvival:abilities/forest/forest_athletics_0"
      },
      {
        "from_level": 1,
        "texture_resource": "dragonsurvival:abilities/forest/forest_athletics_1"
      },
      {
        "from_level": 2,
        "texture_resource": "dragonsurvival:abilities/forest/forest_athletics_2"
      },
      {
        "from_level": 3,
        "texture_resource": "dragonsurvival:abilities/forest/forest_athletics_3"
      },
      {
        "from_level": 4,
        "texture_resource": "dragonsurvival:abilities/forest/forest_athletics_4"
      },
      {
        "from_level": 5,
        "texture_resource": "dragonsurvival:abilities/forest/forest_athletics_5"
      }
    ]
  },
  "upgrade": {
    "experience_cost": {
      "type": "minecraft:linear",
      "base": 15,
      "per_level_above_first": 15
    },
    "maximum_level": 5,
    "upgrade_type": "dragonsurvival:experience_points"
  }
}