{
  "actions": [
    {
      "target_selection": {
        "applied_effects": {
          "entity_effect": [
            {
              "effect_type": "dragonsurvival:modifier",
              "modifiers": [
                {
                  "base": {
                    "id": "dragonsurvival:forest_magic",
                    "is_hidden": true,
                    "should_remove_automatically": true
                  },
                  "modifiers": [
                    {
                      "amount": {
                        "type": "minecraft:linear",
                        "base": 1.0,
                        "per_level_above_first": 1.0
                      },
                      "attribute": "dragonsurvival:mana",
                      "operation": "add_value"
                    }
                  ]
                }
              ]
            }
          ],
          "targeting_mode": "allies_and_self"
        },
        "target_type": "dragonsurvival:self"
      },
      "trigger_rate": 1.0
    },
    {
      "target_selection": {
        "applied_effects": {
          "entity_effect": [
            {
              "effect_type": "dragonsurvival:modifier",
              "modifiers": [
                {
                  "base": {
                    "id": "dragonsurvival:good_mana_condition",
                    "is_hidden": true,
                    "should_remove_automatically": true
                  },
                  "modifiers": [
                    {
                      "amount": {
                        "type": "minecraft:linear",
                        "base": 0.01,
                        "per_level_above_first": 0.01
                      },
                      "attribute": "dragonsurvival:mana_regeneration",
                      "operation": "add_value"
                    }
                  ]
                }
              ]
            }
          ],
          "target_conditions": {
            "condition": "minecraft:any_of",
            "terms": [
              {
                "condition": "minecraft:entity_properties",
                "entity": "this",
                "predicate": {
                  "stepping_on": {
                    "block": {
                      "blocks": "#dragonsurvival:speeds_up_sculk_dragon"
                    }
                  }
                }
              }
            ]
          },
          "targeting_mode": "allies_and_self"
        },
        "target_type": "dragonsurvival:self"
      },
      "trigger_rate": 1.0
    }
  ],
  "activation": {
    "activation_type": "dragonsurvival:passive"
  },
  "icon": {
    "texture_entries": [
      {
        "from_level": 0,
        "texture_resource": "dragonsurvival:abilities/forest/forest_magic_0"
      },
      {
        "from_level": 1,
        "texture_resource": "dragonsurvival:abilities/forest/forest_magic_1"
      },
      {
        "from_level": 2,
        "texture_resource": "dragonsurvival:abilities/forest/forest_magic_2"
      },
      {
        "from_level": 3,
        "texture_resource": "dragonsurvival:abilities/forest/forest_magic_3"
      },
      {
        "from_level": 4,
        "texture_resource": "dragonsurvival:abilities/forest/forest_magic_4"
      },
      {
        "from_level": 5,
        "texture_resource": "dragonsurvival:abilities/forest/forest_magic_5"
      },
      {
        "from_level": 6,
        "texture_resource": "dragonsurvival:abilities/forest/forest_magic_6"
      },
      {
        "from_level": 7,
        "texture_resource": "dragonsurvival:abilities/forest/forest_magic_7"
      },
      {
        "from_level": 8,
        "texture_resource": "dragonsurvival:abilities/forest/forest_magic_8"
      },
      {
        "from_level": 9,
        "texture_resource": "dragonsurvival:abilities/forest/forest_magic_9"
      },
      {
        "from_level": 10,
        "texture_resource": "dragonsurvival:abilities/forest/forest_magic_10"
      }
    ]
  },
  "upgrade": {
    "experience_cost": {
      "type": "minecraft:linear",
      "base": 36.0,
      "per_level_above_first": 36.0
    },
    "maximum_level": 10,
    "upgrade_type": "dragonsurvival:experience_points"
  }
}