{
  "actions": [
    {
      "target_selection": {
        "applied_effects": {
          "entity_effect": [
            {
              "effect_type": "dragonsurvival:modifier",
              "modifiers": [
                {
                  "base": {
                    "id": "dragonsurvival:light_in_darkness",
                    "is_hidden": true,
                    "should_remove_automatically": true
                  },
                  "modifiers": [
                    {
                      "amount": {
                        "type": "minecraft:linear",
                        "base": 1800,
                        "per_level_above_first": 1800
                      },
                      "attribute": "dragonsurvival:penalty_resistance_time",
                      "operation": "add_value"
                    }
                  ]
                }
              ]
            }
          ],
          "targeting_mode": "allies_and_self"
        },
        "target_type": "dragonsurvival:self"
      },
      "trigger_rate": 1
    }
  ],
  "activation": {
    "activation_type": "dragonsurvival:passive"
  },
  "icon": {
    "texture_entries": [
      {
        "from_level": 0,
        "texture_resource": "dragonsurvival:abilities/forest/light_in_darkness_8"
      },
      {
        "from_level": 1,
        "texture_resource": "dragonsurvival:abilities/forest/light_in_darkness_7"
      },
      {
        "from_level": 2,
        "texture_resource": "dragonsurvival:abilities/forest/light_in_darkness_6"
      },
      {
        "from_level": 3,
        "texture_resource": "dragonsurvival:abilities/forest/light_in_darkness_5"
      },
      {
        "from_level": 4,
        "texture_resource": "dragonsurvival:abilities/forest/light_in_darkness_4"
      },
      {
        "from_level": 5,
        "texture_resource": "dragonsurvival:abilities/forest/light_in_darkness_3"
      },
      {
        "from_level": 6,
        "texture_resource": "dragonsurvival:abilities/forest/light_in_darkness_2"
      },
      {
        "from_level": 7,
        "texture_resource": "dragonsurvival:abilities/forest/light_in_darkness_1"
      },
      {
        "from_level": 8,
        "texture_resource": "dragonsurvival:abilities/forest/light_in_darkness_0"
      }
    ]
  },
  "upgrade": {
    "experience_cost": {
      "type": "minecraft:linear",
      "base": 90,
      "per_level_above_first": 90
    },
    "maximum_level": 8,
    "upgrade_type": "dragonsurvival:experience_points"
  }
}