{
  "actions": [
    {
      "target_selection": {
        "applied_effects": {
          "entity_effect": [
            {
              "effect_type": "dragonsurvival:run_function",
              "function": "ds_sculk_dragon:sculk_passivation/as_player"
            }
          ],
          "targeting_mode": "all"
        },
        "target_type": "dragonsurvival:self"
      },
      "trigger_rate": 20
    }
  ],
  "activation": {
    "activation_type": "dragonsurvival:passive"
  },
  "can_be_manually_disabled": true,
  "icon": {
    "texture_entries": [
      {
        "from_level": 0,
        "texture_resource": "dragonsurvival:abilities/unclaimed/fear_of_dark_0"
      },
      {
        "from_level": 1,
        "texture_resource": "dragonsurvival:abilities/unclaimed/fear_of_dark_1"
      }
    ]
  }
}