{
  "actions": [
    {
      "target_selection": {
        "applied_effects": {
          "entity_effect": [
            {
              "effect_type": "dragonsurvival:damage_modification",
              "modifications": [
                {
                  "base": {
                    "custom_icon": "dragonsurvival:textures/ability_effect/drain_immunity.png",
                    "id": "dragonsurvival:forest_immunity",
                    "should_remove_automatically": true
                  },
                  "damage_types": [
                    "minecraft:wither",
                    "dragonsurvival:sculk"
                  ],
                  "multiplier": 0.0
                }
              ]
            }
          ],
          "targeting_mode": "all"
        },
        "target_type": "dragonsurvival:self"
      },
      "trigger_rate": 1.0
    }
  ],
  "activation": {
    "activation_type": "dragonsurvival:passive"
  },
  "icon": {
    "texture_entries": [
      {
        "from_level": 0,
        "texture_resource": "dragonsurvival:abilities/forest/forest_dragon_0"
      },
      {
        "from_level": 1,
        "texture_resource": "dragonsurvival:abilities/forest/forest_dragon_1"
      }
    ]
  }
}