{
  "actions": [
    {
      "target_selection": {
        "applied_effects": {
          "entity_effect": [
            {
              "effect_type": "dragonsurvival:potion",
              "potion": {
                "amplifier": 0.0,
                "duration": {
                  "type": "minecraft:linear",
                  "base": 100.0,
                  "per_level_above_first": 100.0
                },
                "effects": "minecraft:saturation"
              }
            },
            {
              "effect_type": "dragonsurvival:potion",
              "potion": {
                "amplifier": 3.0,
                "duration": {
                  "type": "minecraft:linear",
                  "base": 100.0,
                  "per_level_above_first": 100.0
                },
                "effects": "minecraft:mining_fatigue"
              }
            },
            {
              "effect_type": "dragonsurvival:potion",
              "potion": {
                "amplifier": 3.0,
                "duration": {
                  "type": "minecraft:linear",
                  "base": 100.0,
                  "per_level_above_first": 100.0
                },
                "effects": "minecraft:weakness"
              }
            }
          ],
          "targeting_mode": "allies_and_self"
        },
        "target_type": "dragonsurvival:self"
      },
      "trigger_rate": 1.0
    }
  ],
  "activation": {
    "activation_type": "dragonsurvival:simple",
    "animations": {
      "end": {
        "animation_key": "magic_alt",
        "layer": "BASE",
        "locks_neck": false,
        "locks_tail": false,
        "transition_length": 4
      },
      "start_and_charging": {
        "animation_key": "cast_magic_alt",
        "layer": "BASE",
        "locks_neck": false,
        "locks_tail": false,
        "transition_length": 5
      }
    },
    "can_move_while_casting": false,
    "cast_time": 20.0,
    "cooldown": 600.0,
    "initial_mana_cost": 1.0,
    "sound": {
      "end": "minecraft:ui.toast.in"
    }
  },
  "icon": {
    "texture_entries": [
      {
        "from_level": 0,
        "texture_resource": "dragonsurvival:abilities/unclaimed/0_omnivore"
      },
      {
        "from_level": 1,
        "texture_resource": "dragonsurvival:abilities/unclaimed/1_omnivore"
      },
      {
        "from_level": 2,
        "texture_resource": "dragonsurvival:abilities/unclaimed/1_omnivore"
      },
      {
        "from_level": 3,
        "texture_resource": "dragonsurvival:abilities/unclaimed/1_omnivore"
      },
      {
        "from_level": 4,
        "texture_resource": "dragonsurvival:abilities/unclaimed/1_omnivore"
      }
    ]
  },
  "upgrade": {
    "level_requirement": {
      "type": "minecraft:lookup",
      "fallback": {
        "type": "minecraft:linear",
        "base": 15.0,
        "per_level_above_first": 15.0
      },
      "values": [
        0.0,
        25.0,
        45.0,
        60.0
      ]
    },
    "maximum_level": 4,
    "upgrade_type": "dragonsurvival:experience_levels"
  },
  "usage_blocked": {
    "condition": "minecraft:all_of",
    "terms": [
      {
        "condition": "minecraft:entity_properties",
        "entity": "this",
        "predicate": {
          "flags": {
            "is_on_ground": false
          }
        }
      },
      {
        "condition": "minecraft:inverted",
        "term": {
          "condition": "minecraft:entity_properties",
          "entity": "this",
          "predicate": {
            "location": {
              "fluid": {
                "fluids": "#minecraft:water"
              }
            }
          }
        }
      }
    ]
  }
}